Aufnahmesigle;Ort;Y;X;Beleg;Auslaut;Verwendung;Kommentar
ZW--_E_00034;Sulzburg;47,84;7,71;gibt es dann, was man da braucht dazu. Und das ist auch ein Grund, warum ;NULL;VV;"unklar; Folgewort beginnt mit d"
ZW--_E_00043;Horben;47,94;7,86;Da da bei den Rossen braucht man halt bei den Rossen halt auch. Wieviel Vieh;NULL;VV;
ZW--_E_00079;Lörrach;47,66;7,57;Aber, wenn man die nicht braucht, ist's selbstverständlich besser der Qualität.;T;VV;
ZW--_E_00123;Owingen;47,81;9,17;einem Senkel und was man so dazu braucht, und die Holzfäller mit der Waldsäge. Werden halt;T;VV;
ZW--_E_00168;Hirrlingen;48,41;8,89;Element, nicht. ( Danach) braucht man sich nicht so, als Prinz Karneval man muss;NULL;VV? ;elliptischer Satz 
ZW--_E_00188;Rosenfeld;48,29;8,72;"heute Mittag um zwölf, also vorher braucht gar keiner kommen. "" Also gut, jetzt geht";NULL;MV;unklar 
ZW--_E_00214;Heimsheim;48,81;8,86;kein Säsack mehr auf die Achsel nehmen braucht. ( Danach) fährt man mit der S-;T;MV;
ZW--_E_00229;Stuttgart;48,78;9,18;dann das herauf, was man gerade braucht. Und sonst ist eigentlich nichts mehr in der Registratur;T;VV;
ZW--_E_00244;Laichingen;48,49;9,69;ich auch noch helfen abladen, da braucht man alleweil viel.;NULL;VV;
ZW--_E_00337;Leutkirch im Allgäu;47,83;10,02;Und Frucht, was man so selber braucht und Kartoffeln und Kohlrabi, nicht. Das ist so;T;VV;
ZW--_E_00339;Leutkirch im Allgäu;47,83;10,02;hat jeder noch, was er selber braucht. Aber dennoch, bei uns laufen noch nicht so;T;VV;
ZW--_E_00463;Wehr;47,63;7,9;auf Weihnachten um, da braucht man doch sicher auch viel, .;NULL;VV;"unklar; Stimmengewirr"
ZW--_E_00503;Bad Rippoldsau-Schapbach;48,38;8,29;sehr selten braucht. Leim, das braucht man nicht, also das ist warum, die Arbeiten;T;VV;
ZW--_E_00523;Kehl;48,58;7,81;A, was er braucht, was er kostet.;;VV;"unklar; Stimmengewirr"
ZW--_E_00546;Sasbachwalden;48,62;8,13;soll der Gerichtsvollzieher doch raufgehen, dann braucht er's doch nicht bringen, dann wenn wir's ja holen;T;MV;
ZW--_E_00575;Rastatt;48,95;8,24;daß man Schaufeln braucht zum.;T;VV;
ZW--_E_00594;Niefern-Öschelbronn;48,92;8,78;wird ein großes Menü zusammengestellt und da braucht man natürlich auch allerhand Sachen dazu. ;T;VV;
ZW--_E_00612;Zaisenhausen;49,11;8,82;daß die Krankheit da ist, dann braucht man nicht mehr springen, so wie es zum Beispiel;T;MV;
ZW--_E_00626;Nußloch;49,32;8,69;"gesagt: "" Ich liege schon, braucht nicht mehr rennen, ich liege schon. Ihr Hunde";T;MV;
ZW--_E_00645;Neuried;48,47;7,8;zum beschlagen und so weiter, und braucht die Schmiede auch noch für Sachen. Also Exportbetriebe hat;T;VV;unklar, Folgewort beginnt mit d 
ZW--_E_00653;Tübingen;48,52;9,06;dass das in der Küche das Französische braucht. Das ist für uns eine Verein- , Vereinfachung;T;VV;
ZW--_E_00655;Tübingen;48,52;9,06;Zucker und eben, was man so braucht zum Einmachen. Und das gibt eben gleich einen großen;T;VV;
ZW--_E_00709;Schwäbisch Gmünd;48,8;9,8;Laib Brot, nicht wahr. Man braucht es nicht mitnehmen und es ist.;T;MV;
ZW--_E_00830;Wallhausen;49,21;10,06;Hauptsache, wo wir anbauen. Das braucht man am notwendigsten, nicht. Zum Säuefüttern, und;T;VV;
ZW--_E_00831;Wallhausen;49,21;10,06;Überall kann man nicht mit, da braucht man zu viel Geld. Na.;T;VV;
ZW--_E_00854;Füssen;47,57;10,7;Ja, was braucht man da? Ach, drei Tagwerk bei.;T;VV;unklar
ZW--_E_00883;Buchloe;48,04;10,72;wenig gesehen, in den schweren Böden braucht man überhaupt hat man heuer brauchen gar nichts tun;T;MV?;"Ellipse; er korrigiert sich ""hat man heuer brauchen gar nichts tun"""
ZW--_E_00903;Starnberg;48;11,34;Weil wenn man einen Traktor hat,	braucht man Gummiwagen. Weil das muß man haben, sonst;T;VV;
ZW--_E_00904;Starnberg;48;11,34;habe zu meinen Leuten gesagt, ihr braucht keine Angst zu haben, ich komme wieder, das;T;MV;
ZW--_E_00914;Dießen am Ammersee;47,95;11,1;gefallen, nicht wahr. Und da braucht man doch halt eine Kraft, nicht, braucht man;T;VV;
ZW--_E_00972;Bruckmühl;47,88;11,92;so viel an, was er selber braucht aso zum füttern und für den Eigenbedarf. Es sind;T;VV;
ZW--_E_01153;Karsbach;50,05;9,78;stark ist, daß es keine Stützmauer braucht . Andernfalls, habe ich gesagt, wenn sie Scherereien;T;VV;
ZW--_E_01153;Karsbach;50,05;9,78;habe mir da Kleesamen gekauft, den braucht meine Frau zur Aussaat. Hat er also, Sie;NULL;VV;unklar
ZW--_E_01192;Traunstein;47,87;12,64;kommt ein Dirndl immer sauber daher und braucht nicht fürchten, daß sie einmal ein Gewand anhat,;T;MV;
ZW--_E_01206;Schneizlreuth;47,68;12,8;"Da braucht man eine Säge; man braucht eine Hacke; man braucht einen Keil und braucht einen";T;VV;
ZW--_E_01240;Siegenburg;48,75;11,85;oder für das andere. Der eine braucht einen Arbeiter rückfahrschein und so weiter. Die müssen auch;T;VV;
ZW--_E_01249;Dietfurt;49,03;11,58;Wie lange braucht man?;T;VV;
ZW--_E_01265;Illschwang;49,45;11,68;und zum Schroten braucht man fürs Vieh braucht man wieder Getreide, nicht. Und dann wenn die;NULL;VV;unklar
ZW--_E_01284;Luhe-Wildenau;49,58;12,15;, wegen am Standesamt und der andere braucht das und der ander braucht sell, und das muß;T;VV;
ZW--_E_01289;Neustadt an der Waldnaab;49,78;12,1;nachdem, wie es halt das Roßbraucht, .;T;VV;
ZW--_E_01328;Zeilarn;48,3;12,83;versuchen, wie zu Haus. Man braucht ein wenig Klee, und das läßt sich nicht gut;T;VV;
ZW--_E_01376;Landshut;48,53;12,16;Der braucht viel?;T;VV;
ZW--_E_01615;Neuburg am Rhein;48,99;8,25;die habe ich halt gewußt, die braucht nicht in die Schule. Na, haben wir gesagt;NULL;MV;"elliptisch; soll wahrscheinlich ""braucht nicht in die Schule gehen"" heißen "
ZW--_E_01681;Elmstein;49,35;7,94;darf nicht vergessen, welchen Kräfteverschleiß er braucht. Man kann, den Holzhauer kann man mit einem;T;VV;
ZW--_E_01703;Hornbach;49,19;7,37;Und der Arbeiter ich meine der braucht an und für sich mehr an Lebensmittel als wie ein;NULL;VV;
ZW--_E_02004;Geroda;50,28;9,9;Maurer- in der Heuernte, da braucht keiner einen Maurer, da wollen sie- da braucht;NULL;VV;
ZW--_E_02075;Schönsee;49,52;12,55;Ja, braucht man nicht zu zahlen, die Muster sind blaugedruckte Muster;T;MV;
ZW--_E_02702;Wackernheim;49,97;8,12;bei uns, aber trotzdem, man braucht ihn nicht zu verachten;NULL;MV;
ZW--_E_02896;Castrop-Rauxel;51,55;7,32;für Stück zurückgedrängt. Die Industrie die braucht Betriebe, also Grundflächen nicht wahr, für ihre Zechen;NULL;VV;
ZW--_E_02961;Münster (Westfalen);51,96;7,63;alle schon mit dem Trecker. Da braucht man das Heu gar nicht erst mehr aufzuladen. Es;NULL;MV;unklar
ZW--_E_03014;Kirchhundern;51,1;8,08;ist eine Frau, die, die braucht nötig Hilfe. Da mußte ich so ein altes Mütterchen;T;VV;
ZW--_E_03073;Bad Salzuflen;52,09;8,75;wenn man das dann klarmacht, ihr braucht euren Dreck nicht mehr wegbringen, sondern wir holen ihn;NULL;MV;unklar
ZW--_E_03156;Harsewinkel;51,97;8,23;hat zu meiner Tochter gesagt, sie braucht sich keine Hoffnung machen, daß ich noch mal wieder;T;MV ;eher unklar
ZW--_E_03251;Büdingen;50,29;9,11;Da wird der Binder eingesetzt, da braucht man bloß drumrum zu mähen. Na, und wenn;NULL;MV;
ZW--_E_03357;Ahlerstedt;53,41;9,45;so ein kleines Marmelloch, und dann braucht man mehrere Mann dabei und muß der sehen, daß;NULL;VV;
ZW--_E_03721;Moers;51,46;6,62;"frage ich ihn: "" Wieviel Urkunden braucht Ihr denn?"" "" Och,"" sagt er, """;NULL;VV;
ZW--_E_03890;Wiefelstede;53,26;8,12;bei dem Sensenmähen noch immer zwei Mann braucht. Einen, der das mit der Harke- der;NULL;VV;
ZW--_E_04256;Nidderau;50,25;8,9;die Sachen zusammengeholt, was man so braucht: Salz und Pfeffer, und die Wurstkordel und was;;VV;"Audio beginnt erst ab ""Wurstkordel"" "
ZW--_E_04260;Nidderau;50,25;8,9;so werden da gemacht, wo man braucht für die Kühlschränke. Und die großen Maschinen. Da;NULL;VV;
ZW--_E_04320;Grünberg;50,6;8,95;sie säen. Ja, und so braucht man ja das soviel mit dem Garten auch nicht mehr;NULL;VV;unklar
ZW--_E_04320;Grünberg;50,6;8,95;Jahres was man so für den Haushalt braucht, für die Küche. Und dann ist ja die;T;VV;
ZW--_E_04365;Neu Darchau;53,23;10,88;Ach, zu jeder verschiedenen Arbeit braucht man doch ein verschiedenes Messer. Zum Stechen extra ein;T;VV;
ZW--_E_04408;Ziethen;53,7;10,82;"Ihr kriegt genug zu essen, ihr braucht euch nichts mitzubringen."" Dann sind wir auch manchmal";T;MV;
ZW--_E_04436;Kayhude;53,77;10,13;Sie braucht nicht gepreßt werden, aber das ist, besser,;NULL;MV;
ZW--_E_04477;Rösrath;50,9;7,18;st ja auch heute so, man braucht nicht mehr zu Ang äh Angst und Bange zu haben;;MV;Audio beginnt an einer anderen Stelle 
ZW--_E_04552;Drochtersen;53,7;9,38;ist ja eigentlich nicht schwer. Da braucht man ja bloß die Formulare auszufüllen. Da steht ja;;MV;unklar 
ZW--_E_04613;Rehborn;49,73;7,69;Wingert, die nicht gepflegt sind, braucht man bereits nicht hinauszugehen. So ist.;NULL;MV;
ZW--_E_04785;Filsum;53,23;7,63;Maschinen einstellen, um Personal, dann braucht das nicht, aber augenblicklich muß man sehen, wie;NULL;VV;unklar, ob er [bruk] oder [brukt] sagt 
ZW--_E_04905;Nordendorf;48,6;10,83;im Oberland, nicht wahr, da braucht man einen Pickus, nicht, zum Most. Da;T;VV;
ZW--_E_04919;Lauringen (Donau);48,57;10,43; Zuckerrüben- Also, mit Handarbeit braucht man praktisch gar nichts mehr tun. Man braucht sie;T;MV;
ZW--_E_04928;Dürrlauingen;48,47;10,43;am morgens heißt es, die Kompanie braucht 80 Mann #k. v. # ins Feld.;T;VV;
ZW--_E_04965;Mickhausen;48,25;10,62;""" hat er gesagt, "" das braucht seine Zeit. Ich muss allemal auch wegbrechen von der";T;VV;
ZW--_E_05030;Schiltach;48,29;8,34;danach) weg. ( Danach) braucht man heute das nicht mehr, wie.;NULL;VV;
ZW--_E_05031;Lauterbach;48,23;8,34;ist in- und hat- Man braucht ja überhaupt kein Holz mehr zum Wohnhaus. Ja.;T;VV;
ZW--_E_05088;Modautal;49,77;8,72;machen viel Arbeit die Käse. Heut braucht man ja keinen mehr machen. Es gibt keine Milch;NULL;MV;
ZW--_E_05108;Höchst im Odenwald;49,8;8,99;wo man heute alles nicht mehr braucht. Ja und da haben wir uns ein bißchen eingestellt;NULL;VV;
ZW--_E_05188;Neuharlingersiel;53,7;7,7;Wintertag, nicht, dann, dann braucht da bloß ein bißchen Wind sein, dann ist es;;MV;unklar, ob er [bruk] oder [brukt] sagt 
ZW--_E_05417;Langeoog;53,75;7,48;in der Woche seinen Wasserturm bloß vollpumpen braucht, äh, dann reichte das für eine ganze Woche;NULL;MV;
ZW--_E_05432;Bartholomä;48,75;9,99;Frucht rechne und die Arbeit dahinter, braucht auch Arbeit, muss auch nachlaufen, nicht. Aber;T;VV;
ZW--_E_05450;Munningen;48,92;10,58;wieder so bliebe, und es braucht nicht besser werden, ( danach) wäre es auch;NULL;MV;
ZW--_E_05452;Munningen;48,92;10,58;der Landwirtschaft und im Haushalt. Man braucht ja so viel Wasser. Und da käme man mit;T;VV;
ZW--_E_05454;Dornstadt;49;10,58;, ganz wenig. Was man selber braucht, der, früher, der Roggenbau geht ja auch;T;VV;
ZW--_E_05454;Dornstadt;49;10,58;viel mehr. Mehr wie das Doppelte	braucht man heute Wasser wie früher. Viel mehr. Das;NULL;VV;
ZW--_E_05469;Alerheim;48,85;10,62;mehr Säue, und( danach) braucht man sein Treid selber, und das andere muss man;NULL;VV;"im Folgesatz kommt noch ein ""braucht"" vor, bei dem ein deutliches t gesprochen wird"
ZW--_E_05485;Gundelsheim;49,28;9,16;das muss einfach so sein. Es braucht nicht ein Bauerntapp zu sein, dass man ihm schon;;MV;undeutlich 
ZW--_E_05492;Weinsberg;49,15;9,29;Weil da braucht man gar nicht viel tun, bloß den anderen sagen;NULL;MV;
ZW--_E_05495;Kupferzell;49,23;9,68;eit, daß man das nicht mehr braucht, nicht. Das ist eine ganz andere.;T;VV;
ZW--_E_05503;Schöntal;49,35;9,52;ist immer da, wenn man Geld braucht. Und was vom Handwerk kommt, oder von Landwirtschaft;T;VV;
ZW--_E_05519;Sachsenheim;48,96;9,06; was man, was man eben braucht da dazu dem, Flaschen, nicht, in Flaschen;T;VV;"undeutlich; Folgewort mit d"
ZW--_E_05520;Sachsenheim;48,96;9,06;Ruten, wo man fürs nächste Jahr braucht zum Hinausbiegen, werden da.;T;VV;
ZW--_E_05675;Enger;52,13;8,57;, und in der Scheune? Da braucht ihr nichts zu machen! Aber außen ein Gerüst!;T;MV;
ZW--_E_05711;Hiddenhausen;52,17;8,62;andere das auch, ja. Man braucht nur an die Felds in die Rollkammer zu denken,;T;MV;es spricht gleichzeitig ein zweiter Sprecher, deshalb undeutlich
ZW--_E_05730;Hiddenhausen;52,17;8,62;der Schwester gesagt: Ja, darum braucht man doch nicht zu schimpfen. Wenn keiner mehr was;NULL;MV;
ZW--_E_05751;Löhne;52,2;8,7;jetzt ja auch noch, aber es braucht auch keiner vor der Luke sein und, auf dem;T;MV;
ZW--_E_05790;Rödinghausen;52,26;8,48;die Maschinen, die man zur Spezialisierung braucht, lohnen sich für uns nicht als Kleinbetrieb, nicht;T;VV;
ZW--_E_05790;Rödinghausen;52,26;8,48;zu Runkeln und Kartoffeln düngen, da braucht meine Frau heutzutage nicht mehr zu tun, als dass;;MV;Sprachbeispiel von einer ganz anderen Stelle 
;;;;;;;
;;;;;;;
ZW--_E_00028;Staufen im Breisgau;47,88;7,73;acht oder neun Orten holen. Das braucht man nicht nur bei der Gotti und beim Götti holen;;MV;"sagt ""das darf man nicht…"" "
ZW--_E_00053;Hüfingen ;47,93;8,49;er auf, s'ist genug, man braucht nicht strecken, ein' volle Blüt' und tragen fest,;T;MV;
ZW--_E_00053;Hüfingen ;47,93;8,49;Ich will mir's mal überlegen, aber, es braucht schon seine Zeit.;NULL;VV;
ZW--_E_00053;Hüfingen ;47,93;8,49;"Eggedli"" ausverkauft ist und ausverschenkt, braucht man auch fast eine Neuauflage, .";;VV;
ZW--_E_00076;Schonach im Schwarzwald ;48,18;8,2;Esel einmal einen Schenkel ab hat, braucht er keine Angst haben, da nehmen die Buben ihr;NULL;MV;
ZW--_E_00083;Maulburg;47,64;7,78;daß es überhaupt so viele Leute braucht, aber das ist halt heute nicht anders- hauptsächlich;T;VV;
ZW--_E_00131;Frickingen;47,82;9,27;Ganzen auch im Kreis, man braucht halt so viel Geld.;T;VV;
ZW--_E_00141;Hohenfels;47,89;9,11;schön angucken will, ( danach) braucht man nicht in( den) Schwarzwald. Man braucht;T;VV;
ZW--_E_00141;Hohenfels;47,89;9,11;Man braucht nicht einmal in die- in die Alpen. ;T;VV;
ZW--_E_00165;Hirrlingen;48,41;8,89;Maschinen laufen, nicht, und da braucht man allerhand Material und das können wir noch nicht verkraften;NULL;VV;
ZW--_E_00165;Hirrlingen;48,41;8,89;komplizierte Arbeit ist, nicht, da braucht man einen Haufen Spezialmaschinen,;NULL;VV;
ZW--_E_00166;Hirrlingen;48,41;8,89;mehr Steinhauer werden. Nun, man braucht sie ja nicht mehr so viel, ( die);T;VV;
ZW--_E_00174;Bondorf;48,52;8,83;hat man so zwei, drei Tage braucht vielmals. Und( danach) an die sind sie;T;VV;
ZW--_E_00187;Rosenfeld;48,29;8,72;"du zu ungeschickt sein dazu, da braucht man geschickte Leute. "" Ha, ich habe mir";T;VV;
ZW--_E_00188;Rosenfeld;48,29;8,72;"ich gesagt: "" PERSONENNAME, da braucht ihr euch gar nicht genieren. Wir sind auch einmal";T;MV;
ZW--_E_00205;Neubulach;48,66;8,7;Handgriffe und so weiter, was man braucht zum Hobeln oder, äh, mit dem Hammer schaffen;;VV;Audiodatei passt nicht zum Textabschnitt 
ZW--_E_00210;Calw;48,71;8,74;"sehen. Wenn der den sieht, braucht er bloß schreien: "" Johann! """;NULL;MV;
ZW--_E_00211;Calw;48,71;8,74;zur Herstellung von Stanzteilen und so weiter braucht, selber konstruieren und dann mit meinen Leuten bauen.;T;VV;
ZW--_E_00221;Stuttgart;48,78;9,18;Ein jeder Kunstdungsack habe ich einen Bezugschein braucht. Da drüben bei dem Karl Wille, da hat;T;VV;
ZW--_E_00222;Stuttgart;48,78;9,18;es modernisieren im Weinbau! Aber das braucht noch eine Weile! Denn die Bewirtschaftungsweise heute mit den;T;VV;
ZW--_E_00222;Stuttgart;48,78;9,18;das Risiko zu groß. Und man braucht ja etwa im Remstal und im Neckartal unten, Heilbronn;T;VV;
ZW--_E_00278;Emerkingen;48,21;9,66;die wächst jetzt ja so, da braucht man nichts mehr machen.;NULL;MV;
ZW--_E_00284;Biberach an der Riß;48,1;9,79;Sach, anpflanzen, was man sonst braucht. Mein Gemüse und alles das. ( Danach);T;VV;
ZW--_E_00320;Lindau (Bodensee) ;47,55;9,66;was man hauptsächlich für den eigenen Bedarf braucht. Hm. Und-;T;VV;
ZW--_E_00328;Isny im Allgäu;47,69;10,04;Kühe oder, wenn man das nicht braucht, wenn man austreibt, wenn man das Vieh hinauslässt;T;VV;
ZW--_E_00328;Isny im Allgäu;47,69;10,04;ganz gut ist, ( danach) braucht man ja nicht heinzen am Morgen, ( danach);T;MV;
ZW--_E_00338;Leutkirch im Allgäu;47,83;10,02;weil es nicht viele Leute sind. Da braucht man eben jedes.;NULL;VV;
ZW--_E_00339;Leutkirch im Allgäu;47,83;10,02;jeder Ortschaft. Und da, das braucht eine Mordsarbeit schon. Da tut man vorher probereiten immer;T;VV;
ZW--_E_00354;Achstetten;48,26;9,9;und zum Teil- wie es gerade braucht. Und am Ausflug- Das hat man auch jedes;;VV;Audiodatei passt nicht zum Textabschnitt 
ZW--_E_00361;Buch (Schwaben) ;48,32;10,02;wenig Abnutzung. Also auf die Geschwindigkeit braucht man da gar nicht achten beim Fahren, das kann;NULL;MV;
ZW--_E_00361;Buch (Schwaben) ;48,32;10,02;man überall anbringen, da. Da braucht man gar nicht so weit gehen. Wenn man eines;NULL;MV;
ZW--_E_00375;Böhen;47,88;10,3;Rüben, was man halt so mehr braucht, tut man ins Feld. Ja, und nachher;T;VV;
ZW--_E_00376;Lauben (Oberallgäu);47,78;10,3;durch Rohre überall hin, wo man sie braucht, nicht.;T;VV;
ZW--_E_00379;Lauben (Oberallgäu);47,78;10,3;der. Ja. ( Danach) braucht man keine, vorher haben wir auch noch müssen,;T;VV;
ZW--_E_00453;St. Blasien;47,76;8,13;Und wieviel Fischli braucht man denn für ein?;T;VV;
ZW--_E_00453;St. Blasien;47,76;8,13;Und was braucht man denn für Lockfische, was nimmt man denn?;T;VV;
ZW--_E_00454;St. Blasien;47,76;8,13;auch mal Nägel bestellt, also Nägel braucht man eben ;NULL;VV;
ZW--_E_00463;Wehr;47,63;7,9;ie tut man abschaffen, danach braucht man wieder die Eier von den Jungen.;NULL;VV;
ZW--_E_00463;Wehr;47,63;7,9;jetzt dort grad zweihundert Junge. Und braucht alles Platz, und dann im Frühling lassen wir wieder;T;VV;
ZW--_E_00463;Wehr;47,63;7,9;Da braucht ja, ja, da braucht man auch.;T;VV;
ZW--_E_00465;Wehr;47,63;7,9;wird das meistens abgestottert, der Wagner braucht ja schließlich sein Geld auch zum Leben, er muß;T;VV;
ZW--_E_00466;Wehr;47,63;7,9;die Zeit wo es braucht, die gefällt mir allmählich.;;VV;Audiodatei passt nicht zum Textabschnitt 
ZW--_E_00466;Wehr;47,63;7,9;Mal schwer und schwierig, und man braucht einige Zeit, bis man soweit ist, daß man;T;VV;
ZW--_E_00502;Bad Rippoldsau-Schapbach;48,38;8,29;Bei hundertfünfunddreißig Hektar Wald braucht man doch eine ganz gehörige Zahl von Arbeitskräften, also;T;VV;
ZW--_E_00503;Bad Rippoldsau-Schapbach;48,38;8,29;was ja sonst der Wagner sehr selten braucht. Leim, das braucht man nicht, also das;T;VV;
ZW--_E_00503;Bad Rippoldsau-Schapbach;48,38;8,29;sagen sie natürlich Krummholz, das das braucht eben der Wagner, warum sagt man Krummholz, wenn;T;VV;
ZW--_E_00507;Bad Rippoldsau-Schapbach;48,38;8,29;man hat ein neues Hufbeschläg, da braucht man nicht mehr soviel Hufeisen wie früher. Und das;T;VV;
ZW--_E_00507;Bad Rippoldsau-Schapbach;48,38;8,29;Jetzt erzählen Sie mal, was braucht ein Holzhauer?;T;VV;
ZW--_E_00507;Bad Rippoldsau-Schapbach;48,38;8,29;Ein Holzhauer, der braucht ein Beil, und braucht eine Axt, und braucht;T;VV;
ZW--_E_00507;Bad Rippoldsau-Schapbach;48,38;8,29;der braucht ein Beil, und braucht eine Axt, und braucht eine Krempe und braucht eine;T;VV;
ZW--_E_00507;Bad Rippoldsau-Schapbach;48,38;8,29;und braucht eine Axt, und braucht eine Krempe;T;VV;
ZW--_E_00507;Bad Rippoldsau-Schapbach;48,38;8,29;und braucht eine Wendhacke und braucht Seilhacke;T;VV;
ZW--_E_00507;Bad Rippoldsau-Schapbach;48,38;8,29;braucht eine Wendhacke und braucht Seilhacke, ja, und noch;T;VV;
ZW--_E_00507;Bad Rippoldsau-Schapbach;48,38;8,29; Im Einstecken braucht man da muß auch gucken wie wenn mal einen machen;T;VV;
ZW--_E_00507;Bad Rippoldsau-Schapbach;48,38;8,29;schwierige Sache, ja, Loteisen, braucht man ganz grobe, schwere.;T;VV;
ZW--_E_00507;Bad Rippoldsau-Schapbach;48,38;8,29;Großes Holz oder für die großen Stämme braucht man große Loteisen,;T;VV;
ZW--_E_00507;Bad Rippoldsau-Schapbach;48,38;8,29;Loteisen, und für die kleinen Stämme braucht man kleine Loteisen;T;VV;
ZW--_E_00507;Bad Rippoldsau-Schapbach;48,38;8,29;Ja, und Sichel braucht man schon gar nimmer.;T;VV;
ZW--_E_00507;Bad Rippoldsau-Schapbach;48,38;8,29;dengeln, nicht wahr, sonst kom braucht man keinen Schmied. Und was größere was Bauern sind;T;VV;
ZW--_E_00514;Nordrach;48,4;8,08;da kann er heiraten, da braucht er den Bauern nicht mehr. Jetzt ist der Knecht;;VV;Audiodatei passt nicht zum Textabschnitt 
ZW--_E_00516;Nordrach;48,4;8,08;hat niemand gesagt, also, machen braucht man also machen habe ich nicht schnell brauchen, also;NULL;MV;
ZW--_E_00517;Nordrach;48,4;8,08;Wieviel Lehrer braucht Ihr denn?;T;VV;
ZW--_E_00523;Kehl;48,57;7,81;den Hahn auf, hoppla! Man braucht nirgends eine Pumpe, der Brunnen, der ist beizeiten;T;VV;
ZW--_E_00523;Kehl;48,57;7,81;der ist beizeiten abgeschraubt worden, den braucht man nimmer. Ja, jetzt aber noch eine Frage;T;VV;
ZW--_E_00523;Kehl;48,57;7,81;zwei Pumpen noch gebraucht, und da braucht eine die da bringt eine vierhundert Liter. Und im;T;VV;
ZW--_E_00555;Offenburg;48,47;7,94;a, hauptsächlich in deinem Alter braucht man auch, und wenn ich einmal so alt werde wie du;T;VV;
ZW--_E_00567;Maisch;48,88;8,33;der Gemeinde sehr angespannt, und es braucht natürlich alle Kunst und Geschicklichkeit des der betreffenden;NULL;VV;
ZW--_E_00567;Maisch;48,88;8,33;an etwas Neues gewöhnt hat, das braucht schon seine Zeit. Und wie der erste Gedanke der;NULL;VV;
ZW--_E_00574;Au am Rhein ;48,95;8,24;zahlt und zirka für fünfundzwanzighundert Mark Netze braucht, daß ich meine Fischerei kaputt mache, mein Wasser;NULL;VV;
ZW--_E_00574;Au am Rhein ;48,95;8,24;und das er's anwenden könnte wenn er's braucht oder wenn er Absatz hat für Fisch. Denn bei;T;VV;
ZW--_E_00575;Au am Rhein ;48,95;8,24;und das andere harte Zeug, das braucht ja hundert Jahre, bis das bis'mal etwas um ;T;VV;
ZW--_E_00577;Au am Rhein ;48,95;8,24;Und dann geh'n heut' braucht man also Kleine, was Schüler sind, was in;NULL;VV;
ZW--_E_00577;Au am Rhein ;48,95;8,24;was in die Schule geht, braucht man überhaupt keine mehr. Sie haben alle alles.;NULL;VV;
ZW--_E_00577;Au am Rhein ;48,95;8,24;die Springer- Holzschuhe gesagt, die braucht man heut' gar nimmer, das ist eine.;T;VV;
ZW--_E_00594;Niefern-Öschelbronn;48,92;8,78;Margarine, was man halt so braucht zum Backen. Eier natürlich auch.;T;VV;
ZW--_E_00596;Niefern-Öschelbronn;48,92;8,78;die man eben für den fraglichen Artikel braucht. Dieses Herunterschneiden wie auch;T;VV;
ZW--_E_00600;Karlsdorf-Neuthard;49,14;8,54;dieser Einschreibung einem der Preis nicht gefällt, dann braucht man ihn nicht zu verkaufen.;T;MV;undeutlich 
ZW--_E_00602;Karlsdorf-Neuthard;49,14;8,54;und wer das Unglück hat, braucht für den Spott nicht zu sorgen nachher, nicht?;NULL;MV;undeutlich 
ZW--_E_00605;Dettenheim;49,16;8,42;was so einer eingenommen hat, das braucht auch niemand zu wissen, das behalten wir für.;T;MV;
ZW--_E_00607;Dettenheim;49,16;8,42;das fast Unausdenkbare, nicht. Er braucht eben die Rührmaschine, die Teigmaschine, die braucht;T;VV;
ZW--_E_00607;Dettenheim;49,16;8,42;die Rührmaschine, die Teigmaschine, die braucht er. Die Teigteilmaschine, also ohne;T;VV;
ZW--_E_00607;Dettenheim;49,16;8,42;was die meisten- das meiste Gefühl braucht und die meiste Erfahrung bis die Reife ist.;T;VV;
ZW--_E_00607;Dettenheim;49,16;8,42;Allerdings bei uns auf dem Land braucht man das weniger. Wir beziehen die Spezialbrote;T;VV;
ZW--_E_00612;Zaisenhausen;49,11;8,82;"Weil der"" Amerikaner"" kein Spritzen braucht, da können sie eben sagen, der trägt nicht";NULL;VV;
ZW--_E_00613;Zaisenhausen;49,11;8,82;Werden Pflüge noch und Eggen, die braucht man doch noch, ?;T;VV;
ZW--_E_00617;Kronau;49,22;8,63;sind. Halt mit sechsunddreißig Hektar da braucht man schon ein paar Gewannen. Und da sind dann;NULL;VV;
ZW--_E_00619;Kronau;49,22;8,63;das wächst langsamer heran, also das braucht, ich will einmal so sagen, eine Forlenkultur die;T;VV;
ZW--_E_00629;Ladenburg;49,47;8,61;Ja, man braucht man rechnet ungefähr, äh, pro Hektar also eine;NULL;VV;
ZW--_E_00630;Ladenburg;49,47;8,61;Sache mit denen Tabakpflanzen ziehen. Erstens braucht man Mistbeete und braucht;T;VV;
ZW--_E_00630;Ladenburg;49,47;8,61; braucht man Mistbeete und braucht Fenster und Kästen, damit die Sache;T;VV;
ZW--_E_00630;Ladenburg;49,47;8,61;es ist sozusagen eine Wasserpflanze, er braucht viel Naß. Mit dem Setzen, ;;VV;Audiodatei passt nicht zum Textabschnitt 
ZW--_E_00630;Ladenburg;49,47;8,61;"hat jedes Jahr seine Leute. Der braucht gar nicht rum zu rennen und zu fragen: """;NULL;MV;
ZW--_E_00636;Hemsbach;49,59;8,66;Es braucht keiner zu hören.;T;MV;
ZW--_E_00639;Hemsbach;49,59;8,66;Und die muß tatsächlich- da braucht er schon Wochen, bis er das gerichtet hat.;NULL;VV;
ZW--_E_00639;Hemsbach;49,59;8,66;es ist ein Fortschritt da. Es braucht kein Bauer mehr zu bangen, daß ihm die letzte;NULL;MV;
ZW--_E_00641;Neuried;48,47;7,8;und Mistlache am besten fahren. Da braucht man nicht abladen, die gehen allein runter, .;T;MV;
ZW--_E_00641;Neuried;48,47;7,8;Das ja, das braucht man nicht, nein. Bloß zur Erziehnung der Jugend;T;VV;
ZW--_E_00644;Neuried;48,47;7,8;nimmer so schlimm, warum? Jeden Tag braucht man Brot. Und in der Stadt;T;VV;
ZW--_E_00645;Neuried;48,47;7,8;der Maschine nicht hingehen. Und da braucht man immer Pferde, und wenn' s die Pferde;T;VV;
ZW--_E_00652;Forbach (Baden) ;48,68;8,36;"oder weghauen kann; und das braucht alles Zeitverlust.";;VV;Audiodatei passt nicht zum Textabschnitt 
ZW--_E_00655;Tübingen;48,52;9,06;ucker und eben, was man so braucht zum Einmachen. Und das gibt eben gleich ;T;VV;
ZW--_E_00656;Tübingen;48,52;9,06;also außer Bier. Weil, da braucht man eine extra Genehmigung.;T;VV;
ZW--_E_00660;Ulm ;48,4;9,99; nun, der Wilderer, der braucht ja- Der braucht halt- Der muss nicht so;NULL;VV;
ZW--_E_00669;Langenau;48,5;10,12;eine Dose heraufholen.(Danach) braucht man nicht immer zum Metzger springen;;MV;Audiodatei passt nicht zum Textabschnitt 
ZW--_E_00673;Gerstetten;48,62;10,02;Fahren ist in der Gemeinde, da braucht man Fuhrwerk oder braucht einen;NULL;VV;
ZW--_E_00673;Gerstetten;48,62;10,02;da braucht man Fuhrwerk oder braucht einen Lastwagen oder braucht ;T;VV;
ZW--_E_00673;Gerstetten;48,62;10,02;braucht einen, einmal einen Lastwagen oder braucht einen Unimog oder irgend so etwas. Und das,;T;VV;
ZW--_E_00688;Neuler;48,93;10,07;Was man im Freien machen muss, da braucht man gutes Wetter. Da kann man kein Regenwetter brauchen.;NULL;VV;
ZW--_E_00709;Schwäbisch Gmünd;48,8;9,8; man muss Tagelohn gehen, da braucht man auch viel. Da ist viel Brot verschleift und;NULL;VV;
ZW--_E_00709;Schwäbisch Gmünd;48,8;9,8;Wenn man so daheim ist, braucht man auch mal länger an einem Laib Brot, nicht;NULL;VV;
ZW--_E_00724;Untergruppenbach;49,08;9,27;"aben wir antreten müssen:"" Ihr braucht keinen Gehorsam mehr leisten, kr- kann jeder heim."" ";NULL;MV;
ZW--_E_00730;Langenbrettach;49,23;9,38;da die Turbine droben. acht Tage braucht es da, Felder auch drei, vier Tage.;T;VV;
ZW--_E_00738;Gundelsheim ;49,28;9,16;ja noch nicht so weit. Das braucht länger, bis es so weit ist. Aber wenn;T;VV;
ZW--_E_00749;Schwieberdingen;48,88;9,08;nicht wahr, ein jeder Mensch braucht einen Charakter. Und ein jeder muss wissen, ob er als Mensch geboren ;T;VV;
ZW--_E_00758;Gemmrigheim ;49,03;9,16;die Zweige abzwicken, wo man nicht braucht, wo nicht ins Holz treiben sollen, verstehen Sie;T;VV;
ZW--_E_00763;Erdmannhausen;48,94;9,3;Oh ja, wir verkaufen auch. Das, was man nicht selber braucht, das verkauft man.;T;VV;
ZW--_E_00773;Wiernsheim;48,89;8,85;"ich gesagt: "" Ja, er braucht uns nicht annehmen, wir wissen den Weg wieder retour";T;MV;
ZW--_E_00775;Wiernsheim;48,89;8,85;nicht, wenn man mosten will, braucht man doch auch ein Fass. Alles nichts mehr.;T;VV;
ZW--_E_00794;Michelfeld;49,1;9,68;schon länger daheim. Und Kartoffeln kochen braucht man auch nicht mehr. Bei dem Wetter wäre es;T;VV;
ZW--_E_00794;Michelfeld;49,1;9,68;man in den Wald und gerade jetzt braucht man auch Deckreisig, zum Abdecken und für die Gräber;T;VV;
ZW--_E_00805;Zweiflingen;49,25;9,52;elfen einander zusammen, nicht, da braucht man immer drei, vier Mann, nicht, (danach) ;NULL;VV;
ZW--_E_00812;Dürzbach;49,38;9,7;nicht, wo er keinen Bulldog dazu brauchtt, nicht, wo selber zieht, .;;VV;Audiodatei passt nicht zum Textabschnitt 
ZW--_E_00814;Schrozberg;49,34;9,98;Das, was man zu Bändern braucht. Aber vor, vor 20 Jahren weiß ich gut;NULL;VV;
ZW--_E_00817;Schrozberg;49,34;9,98;Nächte so spät hinangehockt. Und UHU braucht man da! Schön- schöne Menge habe ich da;T;VV;
ZW--_E_00830;Wallhausen ;49,21;10,06;( danach) das Brotgetreide, das braucht man halt zum Dreschen- wird( danach) gedroschen;NULL;VV;
ZW--_E_00830;Wallhausen ;49,21;10,06;gemästet mit. Und für die Leute braucht man ja auch ein wenig auch, .;T;VV;
ZW--_E_00831;Wallhausen ;49,21;10,06;Weil die sind mehr haußen, da braucht man nicht gerade so im Dreck.;NULL;VV;undeutlich 
ZW--_E_00833;Wallhausen ;49,21;10,06;lernt im Falle, daß man es braucht	, hat er gesagt, daß wir es auch können;;VV;Audiodatei passt nicht zum Textabschnitt 
ZW--_E_00833;Wallhausen ;49,21;10,06;gewesen- haben auch frisches Wasser braucht. Na. So hat man auch müssen draußen umeinander;;VV;
ZW--_E_00836;Creglingen;49,47;10,03;So braucht man wirklich als einmal einen Wagen. Einen Wagen,;T;VV;
ZW--_E_00836;Creglingen;49,47;10,03;Bis dahin war alles Handarbeit und natürlich braucht man da furchtbar lang dazu. Jetzt mit den Maschinen;T;VV;
ZW--_E_00836;Creglingen;49,47;10,03;sozusagen ist da drüber weg, der braucht gar nichts mehr machen jetzt( danach) später,;NULL;MV;
ZW--_E_00855;Füssen;47,57;10,7;Ja, da hat man also da braucht man eine Schaufel und braucht noch ein ein Gspat,;T;VV;
ZW--_E_00855;Füssen;47,57;10,7;also da braucht man eine Schaufel und braucht noch ein ein Gspat, sagt man, ein Gspat;T;VV;
ZW--_E_00855;Füssen;47,57;10,7;abstechen, (äh) und dann braucht man die Wasenmesser.;T;VV;
ZW--_E_00855;Füssen;47,57;10,7;Darum braucht man eben das Messer, damit man kann links und;T;VV;
ZW--_E_00864;Kempten (Allgäu) ;47,73;10,32;er ist noch jünger aber es braucht schon rechten Kampf bi de mit dem Ding, es;T;VV;
ZW--_E_00868;Ottobeuren ;47,94;10,3;Zeiten den über sich ergehen lassen und braucht da gar nicht groß ängstlich sein ;T;MV;
ZW--_E_00879;Wiedergeltingen ;48,02;10,67;das ist kein Mord nicht, da braucht Ihr keine Angst nicht haben. Die das ist schon;NULL;MV;
ZW--_E_00880;Wiedergeltingen ;48,02;10,67;ja eine Kuh, die die braucht schon die braucht schon so drei.;T;VV;
ZW--_E_00883;Buchloe;48,04;10,72;wenig gesehen, in den schweren Böden braucht man überhaupt hat man heuer brauchen gar nichts tun,;T;MV;
ZW--_E_00897;Fürstenfeldbruck;48,18;11,25;a auch ein Geschäft, , der braucht mich auch, nicht wahrt, aber ich habe einen;T;VV;
ZW--_E_00903;Starnberg;48;11,34;nicht. Und andere Geräte- Ackergeräte braucht man andere alles. Und das kostet halt alles Geld;T;VV;
ZW--_E_00906;Münsing;47,9;11,37;sie zur Arbeit nicht mehr so oft braucht, weil da- mähen, das tut heute der;T;VV;
ZW--_E_00906;Münsing;47,9;11,37;Bulldog, gell, und die Rösser braucht man nicht mehr so.;T;VV;
ZW--_E_00906;Münsing;47,9;11,37;seltener. Im Sommer braucht man sie mehr- im Winter braucht man sie mehr;T;VV;
ZW--_E_00906;Münsing;47,9;11,37;braucht man sie mehr- im Winter braucht man sie mehr, im Winter müssen die Rosse die;T;VV;
ZW--_E_00906;Münsing;47,9;11,37;Glück hat, daß man nicht viel braucht - so, so fünfzehn, zwanzig Kubikmeter, sowas;T;VV;
ZW--_E_00914;Dießen am Ammersee ;47,95;11,1;doch halt eine Kraft, nicht, braucht man doch eine.;T;VV;
ZW--_E_00917;Dießen am Ammersee ;47,95;11,1;nicht fangen, gell. Und da braucht man natürlich ein extra Netz dazu und extra angerichtet dazu;T;VV;
ZW--_E_00927;Bichl;47,72;11,41;halt, nicht wahr, so am Berg, drei Meter, mehr braucht man sich nicht einkalkulieren, kann er's machen;T;MV;
ZW--_E_00934;Wallgau;47,52;11,28;oder zwei, was er halt so selber braucht. Mehr nicht.;T;VV;
ZW--_E_00946;Mittenwald;47,42;11,25;was man halt für einem selber braucht, aber sonst- Korn wird ja bei uns fast;T;VV;
ZW--_E_00947;Mittenwald;47,42;11,25;Bäume was man braucht im Haus, da ist ein jedes Haus berechtigt,;T;VV;
ZW--_E_00947;Mittenwald;47,42;11,25;halt, sagt man wo man was braucht oder wo so eine ist, dann kriegst' wieder einen;T;VV;
ZW--_E_00947;Mittenwald;47,42;11,25;Was man halt braucht, nicht.;T;VV;
ZW--_E_00953;Irschenberg;47,83;11,92;leicht zum Lernen und braucht man allerhand Leute dazu und wird auch bloß hauptsächlich mal ;T;VV;
ZW--_E_00956;Irschenberg;47,83;11,92; gell, und selber, wo halt selber braucht im Haus, gell.;T;VV;
ZW--_E_00958;Irschenberg;47,83;11,92;Mann angestellt mit Auto und äh dann braucht man bloß telefonieren oder dem Milchfahrer einen Zettel ;T;MV;
ZW--_E_00973;Bruckmühl;47,88;11,92;Den braucht Ihr für den Winter, gelt?;T;VV;
ZW--_E_00973;Bruckmühl;47,88;11,92;dann wo man die- Zäune so braucht. Mehr hat man dann.;T;VV;
ZW--_E_01016;Braunschweig;52,27;10,52; Man braucht nicht so hoch zu schmeißen, und vor allen Dingen das Abladen;NULL;MV;
ZW--_E_01032;Osterode am Harz;51,73;10,25;Wo kann ich mich hinlegen und braucht nicht aufzustehn. Und wo kann ich morgen das Essen;NULL;MV;
ZW--_E_01034;Northeim;51,71;10;ein alter Mann braucht in der [(UNDEUTLICH)] der sprach typisch hannoversch. War dreiundsiebzig Jahre alt.;T;VV;
ZW--_E_01084;Steinau an der Straße;50,32;9,47;ein Institut, das man im Dorf braucht, gelt. Da fehlt eigentlich männliches Interesse noch wenig;T;VV;
ZW--_E_01084;Steinau an der Straße;50,32;9,47;Sag' einmal das nicht! Vielleicht ist er krank und braucht Erholung!;NULL;VV;
ZW--_E_01126;Rothenbuch;49,97;9,4;man sechs Kinder groß zieht und da braucht man Pfennige und das Kostgeld und woher nehmen und nicht;T;VV;
ZW--_E_01127;Rothenbuch;49,97;9,4;geht und reinigt den Abort, der braucht heute keine Schulaufgabe zu machen. Da habe ich gedacht;NULL;MV;
ZW--_E_01133;Frammersbach;50,07;9,47;, weil man das heute nicht mehr braucht, nicht. Und da war aber noch eine.;T;VV;
ZW--_E_01134;Frammersbach;50,07;9,47;. Ja, sagt sie, da braucht jeder eine neue Kappe. Sakramich noch einmal- neue;T;VV;
ZW--_E_01134;Frammersbach;50,07;9,47;noch einmal- neue Kappen! Jeder braucht ein Paar neue Strümpfe. Na ja gut, kaufe;T;VV;
ZW--_E_01138;Mittelsinn;50,2;9,62;Wird gelüftet richtig. Und im Winter braucht es gar nicht so warm sein im Stall. Es;T;MV;
ZW--_E_01153;Karsbach;50,05;9,78;Schlot wieder eingerissen wird und wird auf die Seitenmauer gesetzt, wo man keine Stützmauer braucht.;T;VV;
ZW--_E_01153;Karsbach;50,05;9,78;habe mir da Kleesamen gekauft, den braucht meine Frau zur Aussaat. Hat er also, Sie;T;VV;
ZW--_E_01155;Urspringen ;49,9;9,67;Der ist auch da, der braucht freilich der will schon schaffen, nicht. Ist wohl erst eineinhalb Jahre alt.;T;VV;
ZW--_E_01165;Freising;48,4;11,75;so wie bei der Maschine. Die braucht - die muß immer wieder nachgeheizt werden. Und so;T;MV ? ;Elliptischer Satz 
ZW--_E_01165;Freising;48,4;11,75;geht alles-. Nur ein Geld braucht man draußen, sonst gar nichts mehr. Das ist;T;VV;
ZW--_E_01167;Freising;48,4;11,75;Aber ich weiß ja selber, man braucht es schon, da muß ich Dir jetzt schon wieder;;VV;Audiodatei passt nicht zum Textabschnitt 
ZW--_E_01171;Pfrombach;48,44;12;jungen ja, die anderen vier Pferde braucht man ja zum Arbeiten. Zum Einspannen, nicht,;T;VV;
ZW--_E_01175;Dorfen;48,27;12,16;sein muß, nicht. Ja da braucht es alleweil so acht.;NULL;VV;
ZW--_E_01181;Bockhorn (Oberbayern) ;48,31;11,99;Wie lange braucht man da?;;VV;Audiodatei passt nicht zum Textabschnitt 
ZW--_E_01194;Traunstein ;47,87;12,64; heraus bringt, den wo man selber braucht. Aber einige kommen noch dazu, die wo die Leute;T;VV;
ZW--_E_01196;Petting;47,92;12,82;denn das für Sorten Gurken? Das braucht halt viel?;T;VV;
ZW--_E_01205;Ramsau bei Berchtesgaden;47,61;12,9;Und der Schuster braucht auch eine Arbeit.;T;VV;
ZW--_E_01205;Ramsau bei Berchtesgaden;47,61;12,9;Landwirtschaft kann keiner leben, ein jeder braucht ein bißchen einen.;T;VV;
ZW--_E_01206;Schneizlkreuth;47,68;12,8;"da braucht man verschiedenes Werkzeug: Da braucht man eine Säge; man braucht eine Hacke; man";T;VV;
ZW--_E_01206;Schneizlkreuth;47,68;12,8;"man braucht eine Hacke; man braucht einen Keil und braucht einen Subi und braucht einen Schepser";T;VV;
ZW--_E_01206;Schneizlkreuth;47,68;12,8;"Hacke; man braucht einen Keil und braucht einen Subi und braucht einen Schepser, auch noch eine";T;VV;
ZW--_E_01206;Schneizlkreuth;47,68;12,8;einen Keil und braucht einen Subi und braucht einen Schepser, auch noch eine Biederer: Das ist;T;VV;
ZW--_E_01206;Schneizlkreuth;47,68;12,8;ist es zu ungeeignet, ein Wiesel braucht viel Mäuse. Und der Marder, der Edelmarder,;T;VV;
ZW--_E_01207;Schneizlkreuth;47,68;12,8;Ja nur Eigenbedarf, was man braucht. Waldungen haben wir keine dabei.;T;VV;
ZW--_E_01207;Schneizlkreuth;47,68;12,8;Und wie lange braucht man?;T;VV;
ZW--_E_01207;Schneizlkreuth;47,68;12,8;Und braucht man herunter?;T;VV;
ZW--_E_01218;Stephanskirchen;47,85;12,18;auch das Straßen- und Flußbauamt so braucht, das setzen sie jetzt halt. Zur Zeit werden;NULL;VV;
ZW--_E_01228;Haimhausen;48,32;11,57;bißchen Wald auch dabei. Zwei Rosse braucht man da draußen auch wieder, weil man im Wald;T;VV;
ZW--_E_01228;Haimhausen;48,32;11,57;je nachdem, wie man es gerade braucht, wenn man sich eine Maschine anschaffen will oder sonst;T;VV;
ZW--_E_01230;Haimhausen;48,32;11,57;man viel Feldbau hat, nicht, braucht man ja alleweil wieder ein Roß, .;T;VV;
ZW--_E_01230;Haimhausen;48,32;11,57;noch alles gemacht? Mei, da braucht einmal das Richten in einem großen Anwesen. Dann braucht;T;VV;
ZW--_E_01230;Haimhausen;48,32;11,57;Richten in einem großen Anwesen. Dann braucht wieder das Richten. Da wird man nie fertig.;T;VV;
ZW--_E_01238;Siegenburg;48,75;11,85;Tut man durchforsten, nicht. Dann braucht man auch nicht mehr gar so viel nachpflanzen und das;T;MV;
ZW--_E_01238;Siegenburg;48,75;11,85;wenn man das hochprozentige hat, dann braucht man die Hälfte an Zentnern, nicht. Und braucht;T;VV;
ZW--_E_01238;Siegenburg;48,75;11,85;Hälfte an Zentnern, nicht. Und braucht man acht Liter Süßstock. Da bekämpft man die rote;T;VV;
ZW--_E_01240;Siegenburg;48,75;11,85;Wenn einer ein Ursprungszeugnis zum Beispiel braucht für den Schweinemarkt- heute gibt es ja das auch nicht mehr,;T;VV;
ZW--_E_01240;Siegenburg;48,75;11,85;dem zusammen, was die Gemeinde Geld braucht. Entweder müssen sie viel einheben, viele Prozent,;T;VV;
ZW--_E_01240;Siegenburg;48,75;11,85;wenn zum Beispiel die Gemeinde viel Geld braucht, daß sie irgendetwas bauen will, naja, dann;T;VV;
ZW--_E_01240;Siegenburg;48,75;11,85;oder für das andere. Der eine braucht einen Arbeiter rückfahrschein und so weiter. Die müssen ;T;VV;
ZW--_E_01244;Altmannstein;48,9;11,65;Roggen wird so viel gebaut, was einer zur eigenen Ernährung braucht. Und Gerste und Hafer-;T;VV;
ZW--_E_01245;Altmannstein;48,9;11,65;ein jeder, was er halt so braucht und auch zum Verkaufen im Sommer. Das sind die;T;VV;
ZW--_E_01251;Dietfurt;49,03;11,58;aufpassen muß, daß man nicht draufzahlen braucht. Draufgezahlt habe ich noch nicht, .;T;MV;
ZW--_E_01254;Berching;49,11;11,44;wir jetzt alles, was man so braucht. Der ist schön groß. Obstbäume und Gurken,;T;VV;
ZW--_E_01262;Berngau;49,25;11,4;also Rüben und was man halt so braucht ein bißchen Kraut. Was man halt selber.;T;VV;
ZW--_E_01262;Berngau;49,25;11,4;so schlecht, nicht. Ziemlich Transport braucht man da, .;T;VV;undeutlich 
ZW--_E_01265;Illschwang ;49,45;11,68;dazu! ne, ne. Regnen braucht man natürlich auch immer wieder dazwischen, ne, ne;T;VV;sehr undeutlich 
ZW--_E_01265;Illschwang ;49,45;11,68;Essen, ne, und zum Schroten braucht man fürs Vieh braucht man wieder Getreide, nicht.;NULL;VV;
ZW--_E_01266;Illschwang ;49,45;11,68;. Und was halt ein Bauer braucht so, nicht.;T;VV;
ZW--_E_01280;Nabburg;49,45;12,18;einkaufen, alles selber machen. Da braucht sich der Onkel gar nicht mehr kümmern drum, der;NULL;MV;
ZW--_E_01280;Nabburg;49,45;12,18;daß man im Frühjahr nur noch braucht und dann Kunstdünger säen und Kartoffeln hinein tun. Bis;T;VV;
ZW--_E_01280;Nabburg;49,45;12,18;werden die Runkeln halt gesät, dann braucht man das nicht mehr zu fürchten, daß es zu;;MV;
ZW--_E_01283;Luhe-Wildenau;49,58;12,15;was er selber zum eigenen Bedarf braucht, im Übrigen, daß man sagt: Obst für- zum Verkauf wird nicht recht viel anbaut. Da haben wir die richtige Lage nicht. Das ist im größten Teil ist das;T;VV;
ZW--_E_01284;Luhe-Wildenau;49,58;12,15;der fragt, ob die Invalidenversicherung- braucht er einen Auskunft, der andere, wegen am Standesamt;T;VV;
ZW--_E_01284;Luhe-Wildenau;49,58;12,15;, wegen am Standesamt und der andere braucht das und der ander braucht sell, und das muß;T;VV;
ZW--_E_01284;Luhe-Wildenau;49,58;12,15;der andere braucht das und der ander braucht sell, und das muß alles der Bürgermeister wissen.;T;VV;
ZW--_E_01284;Luhe-Wildenau;49,58;12,15;einmal zu dritt, zu viert dauert braucht man eine Arbeit. Ne, und das bringt man;NULL;VV;undeutlich 
ZW--_E_01300;Troschenreuth;49,77;11,6;Alles eisenbereift, alles auf Gummiwägen, braucht man die Wagen nicht mehr. Die hölzernen Pflüge sind;NULL;VV;
ZW--_E_01316;Laaber;49,07;11,89;hat natürlich die Mutter gesagt, jetzt braucht sie mich unbedingt- muß ich heim. Und dann;NULL;VV;
ZW--_E_01316;Laaber;49,07;11,89;gewesen. Da haben sie bloß Junge braucht zur Infanterie. Zur Infanterie haben sie mich nicht gebraucht;T;VV;
ZW--_E_01322;Gars am Inn;48,15;12,28;doch besser wandern oder was. Da braucht man nicht nachher wieder in das gleiche Kaff.;NULL;VV;
ZW--_E_01323;Gars am Inn;48,15;12,28;wenn man halt schnell man was braucht oder- daß man schnell heraus.;T;VV;
ZW--_E_01341;Postmünster;48,42;12,9;Das Pfund, wo man da mal braucht, das kaufe ich mir.;T;VV;
ZW--_E_01343;Winhöring;48,27;12,65;Na ja, er braucht nicht füttern.;NULL;MV;
ZW--_E_01361;Kirchdorf an der Amper;48,46;11,65;wir ein Sandrad gebraucht, ein Geld braucht man dann wieder auch, nicht wahr. Und so;T;VV;
ZW--_E_01361;Kirchdorf an der Amper;48,46;11,65;weil man nicht mehr so viele Gäule braucht, nicht wahr, dann kann man wieder für das;T;VV;
ZW--_E_01361;Kirchdorf an der Amper;48,46;11,65;nachher geht die Arbeit viel schneller und braucht man nicht mehr mit den Männern so umeinander schinden,;T;MV;
ZW--_E_01362;Kirchdorf an der Amper;48,46;11,65;daß man wenigstens was man zum Haushalt braucht, daß man da nähen kann.;T;VV;
ZW--_E_01363;Kirchdorf an der Amper;48,46;11,65;daß man zwei hat. Den braucht man gerade zu den Kartoffelarbeiten, zur kleinen Arbeit.;NULL;VV;
ZW--_E_01372;Furth;48,6;12,02;"nicht; bloß was man halt so braucht für den Haushalt, nicht. Das andere wurde.";T;VV;
ZW--_E_01376;Landshut;48,53;12,16;Der braucht viel Platz. Aber wir haben uns wieder einen neuen;T;VV;
ZW--_E_01376;Landshut;48,53;12,16;tun schon gut düngen. Der braucht einen guten Mist und braucht einen guten Kunstdünger.;T;VV;
ZW--_E_01376;Landshut;48,53;12,16;Der braucht einen guten Mist und braucht einen guten.;T;VV;
ZW--_E_01376;Landshut;48,53;12,16;Der braucht Sandboden?;;VV;undeutlich 
ZW--_E_01376;Landshut;48,53;12,16;Zucker, ja, weil ein Pfund braucht ein Pfund.;T;VV;
ZW--_E_01381;Oberschneiding;48,8;12,64;Na ja alles mögliche: Futter und dann Getreide und was man halt braucht, nicht.;;VV;Audiodatei passt nicht zum Textabschnitt 
ZW--_E_01388;Platting;48,78;12,87;es passieren, daß man den Tierarzt braucht, daß sich eine stickt an einem solchen Trumm,;;VV;Audiodatei passt nicht zum Textabschnitt 
ZW--_E_01388;Platting;48,78;12,87;Ja, das braucht nicht mehr kommen.;T;MV;
ZW--_E_01388;Platting;48,78;12,87;obendrein kaufen, was man zum Leben braucht und was man später im nächsten Jahr an Samen braucht;T;VV;
ZW--_E_01388;Platting;48,78;12,87; und was man später im nächsten Jahr an Samen braucht zum Ausbauen.;NULL;VV;
ZW--_E_01392;Außenzell;48,72;13,2;etwas, wo der Bauer den Schmied braucht, wo er einfach zum Schmied hingehen muß und muß;T;VV;
ZW--_E_01392;Außenzell;48,72;13,2;Achse wird nicht mehr gefahren und aso braucht der Bauer die Rosse nicht mehr. Und jetzt ein;T;VV;
ZW--_E_01392;Außenzell;48,72;13,2;andere, nicht. Wegen dem Schönsein braucht es keiner machen. Aber na ja, wenn man;T;MV;
ZW--_E_01394;Wegscheid;48,6;13,79;Da braucht man eine Halbe Bier wieder. Geht man wieder heim und in den Stall. Und so vergeht das ;NULL;VV;
ZW--_E_01394;Wegscheid;48,6;13,79;hierher, daß man nicht mehr fortfahren braucht. Der eine hat das und der andere hat das;;MV;Audiodatei passt nicht zum Textabschnitt 
ZW--_E_01422;Gangkofen;48,44;12,56;Es braucht eben noch viele Jahre, bis man einigermaßen auf ein einigermaßen Niveau kommt und-;T;VV;
ZW--_E_01422;Gangkofen;48,44;12,56;kommt und- nun, gut Ding braucht eben Weile, es läßt sich nichts übers Knie brechen;T;VV;
ZW--_E_01432;Hohenwart;48,6;11,38;Ja, ja, der braucht , Schwester, da brauchen Sie mir gar nicht sagen;NULL;VV;
ZW--_E_01437;Rohrbach (Ilm) ;48,62;11,57;Wenn es weiter fehlt, dann braucht er einen Ergänzungsbeschauer, das ist der Tierarzt. Der;T;MV;"Im Audio: ""dann braucht er nicht mehr gehen zum Ergänzungsbeschauer"" "
ZW--_E_01449;Großmehring ;48,77;11,53;drin, das dau, das das braucht die ganze Fläche alle Tage, net, da treten;T;VV;
ZW--_E_01464;Wackersdorf;49,32;12,18;die Steine und das Zeug, das man eben dazu braucht und dann ist die Kirche aufgebaut worden hier hinten;;VV;Audiodatei passt nicht zum Textabschnitt 
ZW--_E_01469;Regenstauf;49,12;12,13;zu einem Wein ansetzen, da braucht man erstens einmal einen Saft, ob Johannesbeerwein oder ;NULL;VV;
ZW--_E_01488;Langenbach (Oberbayern) ;48,43;11,85;abgemäht, nicht, ja, das braucht heuen, das muß ich auch tun, aber ich;T;MV;
ZW--_E_01488;Langenbach (Oberbayern) ;48,43;11,85;ist da und alles samt, man braucht ja da eine Arbeitskraft und in den Stall will überhaupt;T;VV;
ZW--_E_01516;Bodenmais;49,07;13,1;Zum Hinaufgehen braucht man- also wir brauchen wir zum Hinaufgehen nicht ganz;NULL;VV;
ZW--_E_01516;Bodenmais;49,07;13,1;dort sein, und da braucht man natürlich ein Haufen Geld, nicht.;NULL;VV;
ZW--_E_01524;Lam;49,2;13,05;"; aber ich meine, die Jugend braucht auch ihren Teil. Und wenn' s wandern muß";T;VV;
ZW--_E_01532;Neukirchen beim Heiligen Blut ;49,26;12,97;Das Werk braucht eine Erdleitung. Da ist kein Nuller;T;VV;
ZW--_E_01535;Viechtach;49,08;12,88;Man braucht eigentlich viel Zeit dazu.;NULL;VV;
ZW--_E_01551;Bogen;48,91;12,69;oder Fenster, die gerade einer braucht, Fensterrahmen und so Aushilf Reparaturarbeit mache ich jetzt immer;T;VV;
ZW--_E_01582;Ofterschwang;47,5;10,24;Ja, ja, da braucht man kein Fressen sorgen, weißt.;T;VV;
ZW--_E_01595;Neustadt an der Weinstraße;49,35;8,15;weiter, daß man sich nicht schämen braucht. Na ja, und da hat man sich halt;T;MV;
ZW--_E_01595;Neustadt an der Weinstraße;49,35;8,15;"bist, nicht wahr?"" Und da braucht	man doch nichts zu machen ";NULL;MV;
ZW--_E_01601;Rhodt unter Rietburg;49,27;8,11;nur noch auf den Knopf zu drücken braucht und die Musik ist schon da und so weiter,;T;MV;
ZW--_E_01602;Rhodt unter Rietburg;49,27;8,11;und Hacken und was man da alles braucht zum jungen Wingert setzen. Also sie fahren einmal;NULL;VV;
ZW--_E_01609;Niederhorbach;49,12;8,03;ganze Wochen und sonntags und der Emil braucht keine Hand anzurühren, das koche ich alles. Heute;NULL;MV;
ZW--_E_01609;Niederhorbach;49,12;8,03;sie in die Milchzentrale tragen. Da braucht man keinen Korb mehr auf den Kopf zu nehme und;NULL;MV;
ZW--_E_01614;Neuburg am Rhein ;48,99;8,25;viel, was man so für sich braucht, bißchen Weizen und für's Vieh Futter, Zuckerrüben und;T;VV;
ZW--_E_01614;Neuburg am Rhein ;48,99;8,25;Was man für's Vieh und für sich braucht. Mehr brauchen wir nicht, als was wir Bauern;T;VV;
ZW--_E_01622;Jochgrim;49,1;8,28;man- Es ist so, man braucht - es ist so, am Kerwesonntag braucht man mehr;NULL;VV;
ZW--_E_01622;Jochgrim;49,1;8,28; es ist so, am Kerwesonntag braucht man mehr Geld als wie an einem anderen Sonntag,;NULL;VV;
ZW--_E_01622;Jochgrim;49,1;8,28;das muß man wieder rechnen so, braucht man einmal kein Geld dafür. Und Du, gehst;NULL;VV;
ZW--_E_01645;Kleinniedersheim ;49,59;8,32;macht es nur fertig, Wein braucht ihr dann keinen mehr heimzuholen. Und so war es;NULL;MV;
ZW--_E_01650;Bockenheim an der Weinstraße;49,6;8,18;nicht- weil man ein bißchen Stroh braucht für Fischel festzumachen. Na und da bin ich dann;T;VV;
ZW--_E_01650;Bockenheim an der Weinstraße;49,6;8,18;daß man sich nicht so zu bücken braucht und schön unten die Stöcke heraus hacken kann;NULL;MV;
ZW--_E_01658;Winnweiler;49,57;7,85;Und man kann's nicht stehenlassen, bis morgen, wenn man's braucht.;NULL;VV;
ZW--_E_01658;Winnweiler;49,57;7,85;Produkt, wo man überhaupt gar nicht braucht, - so ein Stückchen nicht. Und wenn acht;;VV;Audiodatei passt nicht zum Textabschnitt 
ZW--_E_01658;Winnweiler;49,57;7,85;in acht Tagen ist man fe, braucht man ihn wieder da ganze Jahr nicht mehr. -;;VV;Audiodatei passt nicht zum Textabschnitt 
ZW--_E_01658;Winnweiler;49,57;7,85;von anderen Maschinen, in jedem Beruf braucht man das ganze, das Alltägliche, wo man jeden;;VV;Audiodatei passt nicht zum Textabschnitt 
ZW--_E_01658;Winnweiler;49,57;7,85;Da braucht man sich nicht überstürzen.;;MV;Audiodatei passt nicht zum Textabschnitt 
ZW--_E_01694;Nanzdietschweiler;49,44;7,44;Aber ihr braucht nicht erst auf die Kirmes zu warten, bis es wieder ein bißchen schöner ist ;NULL;MV;
ZW--_E_01697;Nanzdietschweiler;49,44;7,44;daß man nicht mehr dort hin braucht, nicht?;NULL;VV;
ZW--_E_01718;Dahn;49,15;7,78;umgestellt hat vom Agrarstaat in einen Industriestaat, jetzt braucht man Nadelholz, wo schnellwüchsig ;NULL;VV;
ZW--_E_01725;Waldfischbach-Burgalben;49,28;7,65;meine Sache so hergerichtet. Und heute braucht die Jugend das nicht mehr. - Ja und dann;T;VV;
ZW--_E_01731;Bann;49,39;7,61;Alles braucht man nicht zu wissen, nur eins, eins sollt;NULL;MV;
ZW--_E_01736;Mandelbachtal;49,17;7,17;da an so einem Tag braucht man dich nicht zu rufen. ;NULL;MV;
ZW--_E_01740;St. Ingbert;49,3;7,12;Ganze ein bißchen einfacher ist. Man braucht nicht mehr so viel Zeit und man tut sich halt;NULL;VV;
ZW--_E_01747;Dillingen/ Saar;49,35;6,73;heute hat man es soweit geschafft, daß man es nicht mehr braucht, da kann man sich auf den Stuhl setzen;NULL;VV;
ZW--_E_01783;Merzkirchen;49,58;6,48;wenn neunundneunzig Prozent keinen Wingert haben, dann braucht der Hunderste auch;NULL;VV;
ZW--_E_01784;Merzkirchen;49,58;6,48;man selbst trinkt. Und beim Vieh braucht man welchen jeden Tag, nicht- hier und da;NULL;VV;
ZW--_E_01784;Merzkirchen;49,58;6,48;Ja. Dann braucht man mehr Tage um einzufahren.;NULL;VV;
ZW--_E_01784;Merzkirchen;49,58;6,48;Pferch in dem Pferch laufen lassen, braucht man sich nicht um sie kümmern. Ein Traktor und;NULL;MV;
ZW--_E_01889;Kyllburgweiler;50,5;6,62;Und dann kann man im Sommer dann braucht man im Sommer nur mit Stickstoff nachzuhalten, und dann;NULL;MV;
ZW--_E_01936;Ochsenfurt;49,67;10,05;jetzt auch mit dem Rübenkraut, da braucht man es nicht mehr so hineinzugeben, das war immer;NULL;MV;
ZW--_E_01938;Ochsenfurt;49,67;10,05;Weizenböden haben wir nicht soviel. Da braucht man mehr schwere Böden. Wir haben auch ziemlich Sand;NULL;VV;
